fed-agency,asn
Department of Defense - Network Information Center,AS306
Department of Defense,AS357
Department of Defense - Network Information Center,AS668
Department of Defense,AS721
Department of Defense,AS749
Department of Defense - Network Information Center,AS5972
Department of Defense - Network Information Center,AS27064
Department of Defense - Network Information Center,AS637
Department of Defense - Network Information Center,AS647
Department of Defense - Network Information Center,AS361
Department of Defense - Network Information Center,AS357
Air Force Systems Networking,AS386
Department of Veterans Affairs,AS29992
Department of Agriculture (USDA),AS4152
National Aeronautics and Space Administration (NASA),AS270
National Aeronautics and Space Administration (NASA),AS297
United States (USAISC),AS1503
Air Force Systems Networking,AS132
US Department of Health and Human Services,AS26810
U.S. Department of Health & Human Services,AS19050
National Oceanic and Atmospheric Administration (NOAA),AS3477
USAISC Headquarters,AS1488
US Department of Transportation,AS2576
United States (USAISC),AS531
National Institute of Health (NIH),AS3527
Department of Commerce - Bureau of Economic Analysis,AS3635
Department of Commerce,AS33343
Department of Homeland Security,AS15147
Social Security Administration,AS11985
Internal Revenue Service,AS30313
