state-gov,asn
Florida Department of Management Services,AS8103
State of Washington,AS4193
State of Wyoming Department,AS14977
Michigan State Government,AS13325
State of North Carolina,AS6559
State of WI Dept. of Administration,AS3136
State of Utah,AS11663
Iowa Communications Network,AS6122
State of Arkansas,AS21852
State of Minnesota,AS1998
Network Nebraska,AS11714
University of Maryland,AS10886
Tennessee Valley Authority,AS10384
State of Hawaii,AS62712
California Department of Technology,AS2642
